date,ACME,GLOBEX,PIPCO
2024-08-26,105.000000,250.000000,1.100000
2024-08-27,107.699703,244.567523,1.106154
2024-08-28,107.008077,247.118269,1.106165
2024-08-29,107.532640,244.382303,1.108904
2024-08-30,108.110925,243.693269,1.110142
2024-09-02,109.281708,248.202287,1.106073
2024-09-03,110.689530,244.681746,1.112556
2024-09-04,108.657559,232.143982,1.110909
2024-09-05,107.750206,223.780822,1.096446
2024-09-06,106.198391,216.790419,1.097640
2024-09-09,107.570498,214.667763,1.098432
2024-09-10,107.586458,216.730201,1.098531
2024-09-11,108.242897,211.522942,1.091043
2024-09-12,110.071767,216.307757,1.079055
2024-09-13,111.234310,219.820126,1.078329
2024-09-16,113.611551,224.103387,1.078109
2024-09-17,116.142081,226.091747,1.089621
2024-09-18,114.531690,224.510292,1.085000
2024-09-19,116.487922,224.437760,1.092101
2024-09-20,117.826678,223.589353,1.091279
2024-09-23,119.081243,230.069162,1.089938
2024-09-24,117.795144,222.523883,1.088707
2024-09-25,118.130000,225.772273,1.088232
2024-09-26,119.170839,223.167698,1.080822
2024-09-27,119.598815,218.042756,1.073422
2024-09-30,117.383598,223.145210,1.077447
2024-10-01,117.482191,226.808424,1.090049
2024-10-02,117.691273,220.163382,1.091549
2024-10-03,118.004422,220.654265,1.086814
2024-10-04,117.324630,229.282781,1.078441
2024-10-07,115.166023,229.747711,1.081403
2024-10-08,114.652684,235.519670,1.083753
2024-10-09,111.738655,235.639162,1.076922
2024-10-10,112.747901,232.089381,1.060372
2024-10-11,112.668268,233.214160,1.060386
2024-10-14,111.201734,233.231420,1.066366
2024-10-15,109.972483,235.963728,1.077236
2024-10-16,111.437565,236.866965,1.083548
2024-10-17,107.380994,240.109485,1.079568
2024-10-18,108.438466,237.983939,1.076877
2024-10-21,108.766152,232.017819,1.077692
2024-10-22,113.201939,230.756109,1.072227
2024-10-23,111.203416,233.631579,1.065432
2024-10-24,110.088006,239.548091,1.067869
2024-10-25,109.096278,240.841528,1.068444
2024-10-28,108.427613,235.163006,1.062276
2024-10-29,107.028246,238.129929,1.056795
2024-10-30,107.116066,244.574861,1.046922
2024-10-31,105.865232,251.347798,1.049160
2024-11-01,105.697091,250.078620,1.039876
2024-11-04,108.210605,260.909260,1.042168
2024-11-05,107.444305,262.543142,1.044442
2024-11-06,105.980687,257.649481,1.043590
2024-11-07,105.975959,260.231141,1.040173
2024-11-08,107.461404,260.330480,1.048883
2024-11-11,105.038127,250.698113,1.030461
2024-11-12,105.232535,238.229285,1.034981
2024-11-13,106.295115,239.477222,1.037912
2024-11-14,106.987980,250.980258,1.035175
2024-11-15,108.864968,258.893388,1.038470
2024-11-18,106.631578,273.152056,1.031996
2024-11-19,107.941650,269.133004,1.030125
2024-11-20,107.383584,263.392335,1.041739
2024-11-21,109.360855,262.962954,1.034698
2024-11-22,108.654164,261.719191,1.033219
2024-11-25,108.451830,266.158107,1.027443
2024-11-26,109.281368,273.131120,1.030236
2024-11-27,108.268117,268.596476,1.040600
2024-11-28,109.058706,260.108081,1.033359
2024-11-29,109.735213,265.868045,1.038548
2024-12-02,109.008964,269.599381,1.042744
2024-12-03,107.501666,265.624544,1.041376
2024-12-04,106.478615,269.917722,1.036857
2024-12-05,105.558782,273.520812,1.043712
2024-12-06,105.358475,268.110379,1.032081
2024-12-09,106.255868,265.675903,1.026939
2024-12-10,104.922214,265.787306,1.034619
2024-12-11,103.267249,270.630902,1.036282
2024-12-12,103.261704,270.290774,1.029674
2024-12-13,102.277188,274.058130,1.018402
2024-12-16,102.404688,264.961851,1.022310
2024-12-17,103.166830,262.605454,1.029801
2024-12-18,101.896572,252.956982,1.020046
2024-12-19,102.836021,265.562178,1.017076
2024-12-20,102.552049,258.393394,1.017832
2024-12-23,102.606542,266.070169,1.015995
2024-12-24,102.111472,263.522536,1.001000
2024-12-25,100.420361,268.394900,0.980987
2024-12-26,100.989637,263.220444,0.984859
2024-12-27,100.921146,266.662305,0.980023
2024-12-30,102.358033,267.803964,0.978579
2024-12-31,104.696189,266.467200,0.982708
2025-01-01,104.970255,271.424957,0.973836
2025-01-02,101.390565,273.770883,0.980618
2025-01-03,100.416592,264.927907,0.992163
2025-01-06,101.612364,263.800478,0.984711
2025-01-07,101.414875,270.289520,0.989452
2025-01-08,98.297309,269.332532,0.993067
2025-01-09,99.895362,271.624831,0.999325
2025-01-10,100.374484,262.109206,0.985851
2025-01-13,98.848592,268.890663,0.968914
2025-01-14,97.813827,263.552910,0.968589
2025-01-15,99.414362,267.437216,0.965784
2025-01-16,100.679866,275.216163,0.961143
2025-01-17,101.620338,261.000546,0.956986
2025-01-20,101.351757,273.005906,0.963930
2025-01-21,102.567580,267.057723,0.961681
2025-01-22,102.113205,272.785586,0.963715
2025-01-23,102.947250,277.180537,0.966875
2025-01-24,104.610052,277.121497,0.973995
2025-01-27,104.596255,282.376479,0.963914
2025-01-28,101.476402,288.232951,0.962882
2025-01-29,101.748138,289.329414,0.969199
2025-01-30,102.217476,278.504527,0.978558
2025-01-31,102.351837,275.646208,0.975834
2025-02-03,100.750551,269.760264,0.978940
2025-02-04,100.454366,261.839588,0.977232
2025-02-05,102.353251,260.402724,0.983131
2025-02-06,102.406077,253.870067,0.985883
2025-02-07,102.843837,253.311560,0.984762
2025-02-10,103.308840,262.056419,0.986042
2025-02-11,103.884823,267.325599,0.992370
2025-02-12,102.997066,268.295402,0.977797
2025-02-13,102.419017,276.767555,0.988460
2025-02-14,104.105855,272.860646,0.978185
2025-02-17,105.187499,271.453140,0.977114
2025-02-18,106.131563,266.210572,0.973706
2025-02-19,104.675505,271.591493,0.966191
2025-02-20,104.938877,267.887897,0.965219
2025-02-21,105.559820,273.154273,0.974780
2025-02-24,105.645358,272.226679,0.965367
2025-02-25,106.683902,272.324285,0.964753
2025-02-26,106.254497,279.775408,0.972466
2025-02-27,103.886415,282.642468,0.967477
2025-02-28,105.074830,276.219915,0.971710
2025-03-03,105.098588,276.902084,0.969878
2025-03-04,104.417532,267.748093,0.978881
2025-03-05,108.314400,269.997294,0.989427
2025-03-06,106.104391,272.960425,0.993114
2025-03-07,104.258327,268.052310,0.982145
2025-03-10,103.655489,275.302012,0.983158
2025-03-11,100.913798,271.349184,0.975255
2025-03-12,103.030475,273.661918,0.979764
2025-03-13,103.653166,262.126957,0.977534
2025-03-14,104.810834,255.899264,0.977380
2025-03-17,107.476389,262.585069,0.974907
2025-03-18,109.054155,262.840252,0.970183
2025-03-19,106.568189,248.557021,0.974676
2025-03-20,107.223854,241.771897,0.989068
2025-03-21,105.791086,243.315567,0.994445
2025-03-24,106.531653,235.796330,0.986543
2025-03-25,106.118856,237.837146,0.994147
2025-03-26,106.062652,239.648922,0.978763
2025-03-27,108.200035,233.979474,0.975845
2025-03-28,106.538497,233.636228,0.979959
2025-03-31,107.141513,241.304337,0.968083
2025-04-01,107.371334,239.304325,0.961670
2025-04-02,105.615899,254.120419,0.965102
2025-04-03,107.159134,262.085910,0.969153
2025-04-04,107.653283,262.749826,0.974437
2025-04-07,108.292799,248.872898,0.981914
2025-04-08,106.461384,242.191195,0.976969
2025-04-09,107.895181,242.464624,0.974561
2025-04-10,107.591265,239.669769,0.976713
2025-04-11,107.911686,251.214727,0.982073
2025-04-14,110.098103,247.424416,0.978047
2025-04-15,107.731059,241.901396,0.972555
2025-04-16,108.707381,242.366579,0.972040
2025-04-17,108.327940,238.439071,0.969435
2025-04-18,108.013239,237.056632,0.967340
2025-04-21,110.641845,237.166166,0.972185
2025-04-22,109.129718,230.078318,0.968038
2025-04-23,110.465096,240.531833,0.972898
2025-04-24,113.071290,239.810203,0.984580
2025-04-25,113.663972,235.172926,0.992749
2025-04-28,114.208651,234.199774,0.994688
2025-04-29,116.154846,244.924172,0.996602
2025-04-30,113.745364,246.711770,0.995524
2025-05-01,112.462816,245.483984,0.999563
2025-05-02,113.210351,237.681991,0.994393
2025-05-05,111.857645,231.470857,0.998457
2025-05-06,109.780122,231.348544,0.999795
2025-05-07,108.832981,232.182182,1.009614
2025-05-08,107.875879,237.846175,1.003236
2025-05-09,107.835085,231.511703,1.003971
2025-05-12,109.265982,231.562028,1.003119
2025-05-13,110.822344,233.556925,1.008289
2025-05-14,110.916020,233.410487,1.006929
2025-05-15,111.157527,228.976498,1.010328
2025-05-16,108.476557,229.919187,1.022588
2025-05-19,109.545951,224.340769,1.026717
2025-05-20,109.164767,229.995472,1.024592
2025-05-21,111.257351,226.675489,1.019895
2025-05-22,110.273155,221.547649,1.020182
2025-05-23,109.994940,216.432116,1.022854
2025-05-26,109.603955,214.830687,1.026020
2025-05-27,112.545644,209.800133,1.033167
2025-05-28,113.769197,210.477359,1.033194
2025-05-29,112.951978,215.061223,1.029891
2025-05-30,111.864246,215.499072,1.028776
2025-06-02,112.785431,213.159771,1.025187
2025-06-03,113.483245,210.615830,1.028185
2025-06-04,115.430063,211.697426,1.037061
2025-06-05,116.543655,212.649494,1.038162
2025-06-06,116.420472,209.143260,1.025625
2025-06-09,113.545062,213.194934,1.033542
2025-06-10,112.999722,224.932226,1.026452
2025-06-11,111.579978,225.116354,1.024919
2025-06-12,109.986133,225.980090,1.020076
2025-06-13,109.851638,223.800577,1.015033
2025-06-16,108.379587,222.682528,1.013786
2025-06-17,107.979683,214.481222,1.009969
2025-06-18,107.906969,220.106286,1.021883
2025-06-19,106.711283,225.660439,1.020910
2025-06-20,105.992830,232.279715,1.022498
2025-06-23,106.474385,225.504179,1.014268
2025-06-24,108.455981,230.541452,1.014449
2025-06-25,108.093217,241.267150,1.018197
2025-06-26,107.467688,246.649000,1.014261
2025-06-27,109.758980,254.794997,1.011692
2025-06-30,111.001468,249.624554,1.017713
2025-07-01,111.726521,253.123719,1.018884
2025-07-02,114.239093,250.791580,1.020226
2025-07-03,113.995557,247.652335,1.022152
2025-07-04,113.691055,245.189878,1.016938
2025-07-07,115.140201,238.475410,1.020044
2025-07-08,114.296948,233.890914,1.017442
2025-07-09,114.245806,235.248589,1.021446
2025-07-10,114.184393,234.546625,1.016805
2025-07-11,117.434354,227.229778,1.033340
2025-07-14,115.805077,230.113015,1.041915
2025-07-15,116.717241,228.137135,1.032208
2025-07-16,116.681471,226.239099,1.025433
2025-07-17,117.816676,221.914315,1.025290
2025-07-18,117.522616,218.340895,1.015520
2025-07-21,119.792164,217.467481,1.021986
2025-07-22,120.871831,210.113592,1.026865
2025-07-23,119.068473,211.910307,1.034198
2025-07-24,119.449974,211.299019,1.024898
2025-07-25,118.149309,207.481578,1.021916
2025-07-28,117.744508,212.069751,1.020650
2025-07-29,114.702953,216.328108,1.023493
2025-07-30,115.832958,207.021808,1.027480
2025-07-31,116.937607,205.831995,1.019724
2025-08-01,118.620751,201.025525,1.031788
2025-08-04,118.149996,205.593595,1.018112
2025-08-05,116.467542,206.203621,1.028856
2025-08-06,117.574542,216.989735,1.025301
2025-08-07,117.460561,217.158597,1.021698
2025-08-08,120.261688,222.592632,1.022880
2025-08-11,120.702626,226.435674,1.023384
2025-08-12,121.307838,231.852981,1.019170
2025-08-13,122.088601,229.377694,1.017813
2025-08-14,121.527481,223.866302,1.020890
2025-08-15,121.821636,232.393537,1.021465
2025-08-18,123.263283,227.412183,1.018631
2025-08-19,123.234818,232.883407,1.020656
2025-08-20,122.632210,234.349193,1.034073
2025-08-21,121.072289,236.374769,1.036538
2025-08-22,119.802792,238.731456,1.041315
2025-08-25,119.556876,231.950353,1.033411
2025-08-26,117.704477,232.412748,1.030406
2025-08-27,115.817635,232.912837,1.038368
2025-08-28,117.145405,233.831331,1.046423
2025-08-29,118.093051,232.119958,1.046222
2025-09-01,118.297178,242.056509,1.053906
2025-09-02,118.082253,238.975240,1.062336
2025-09-03,118.369487,230.380913,1.069745
2025-09-04,115.336449,233.620476,1.078022
2025-09-05,113.717371,230.815021,1.074029
2025-09-08,115.066354,232.379757,1.071502
2025-09-09,114.370718,227.097891,1.075025
2025-09-10,115.024895,222.447324,1.079549
2025-09-11,115.673112,217.846030,1.063114
2025-09-12,116.063449,220.539702,1.067999
2025-09-15,117.086995,223.159027,1.068210
2025-09-16,115.633178,226.187107,1.055726
2025-09-17,115.148344,223.814655,1.059570
2025-09-18,114.629451,220.811317,1.060501
2025-09-19,115.311477,216.050509,1.048389
2025-09-22,114.785747,222.351593,1.049922
2025-09-23,114.691918,226.908952,1.037687
2025-09-24,116.619788,223.021802,1.054173
2025-09-25,118.266357,222.481176,1.054651
2025-09-26,116.733754,232.575109,1.061295
2025-09-29,115.685750,237.503705,1.052003
2025-09-30,116.942114,228.686599,1.050606
2025-10-01,117.657276,226.709916,1.046549
2025-10-02,118.505114,224.514159,1.046661
2025-10-03,117.707671,227.271168,1.050519
2025-10-06,117.699471,227.876424,1.038569
2025-10-07,114.975404,226.560709,1.034519
2025-10-08,116.453353,233.897446,1.051754
2025-10-09,114.373698,227.507346,1.049133
2025-10-10,114.851979,221.200736,1.038021
2025-10-13,116.734348,225.635005,1.038102
2025-10-14,117.693972,232.174265,1.032617
2025-10-15,119.221397,235.872973,1.026865
2025-10-16,118.705496,237.358208,1.021066
2025-10-17,119.808567,241.210148,1.015636
2025-10-20,121.990751,240.990042,1.017049
2025-10-21,121.335861,241.270803,1.028415
2025-10-22,120.666043,243.375391,1.033466
2025-10-23,120.869871,245.469645,1.022259
2025-10-24,121.432923,245.709632,1.025678
2025-10-27,122.297868,244.700670,1.030373
2025-10-28,123.075019,253.867559,1.037029
2025-10-29,125.273526,252.956833,1.030658
2025-10-30,128.603444,257.042674,1.034490
2025-10-31,124.766190,258.522692,1.042246
2025-11-03,125.778217,255.493393,1.043502
2025-11-04,127.358562,255.560869,1.041757
2025-11-05,123.419494,253.861202,1.032883
2025-11-06,122.676130,244.337659,1.033324
2025-11-07,123.128545,249.679750,1.028871
2025-11-10,122.738252,245.253503,1.030677
2025-11-11,122.793721,245.828997,1.026003
2025-11-12,125.086547,253.377072,1.029003
2025-11-13,124.193832,242.617798,1.019331
2025-11-14,125.844029,240.085901,1.016728
2025-11-17,123.441661,240.885307,1.009813
2025-11-18,122.967317,242.078846,1.004154
2025-11-19,121.731281,241.035826,0.993514
2025-11-20,123.680702,239.132662,0.998932
2025-11-21,121.456103,234.805473,0.991135
2025-11-24,119.858337,237.832512,0.997190
2025-11-25,123.784623,252.109747,0.990070
2025-11-26,121.706917,255.076821,0.991070
2025-11-27,122.587481,261.841668,0.993804
2025-11-28,122.958817,248.308660,0.997904
2025-12-01,120.902038,251.984358,0.998393
2025-12-02,121.032267,262.960838,0.996334
2025-12-03,119.714364,266.665917,0.993167
2025-12-04,121.653961,276.431656,0.987196
2025-12-05,121.569620,284.595276,0.985885
2025-12-08,119.489603,290.979303,0.988823
2025-12-09,119.570562,289.300256,0.982231
2025-12-10,121.859286,292.425471,0.992971
2025-12-11,123.181824,297.504464,1.003045
2025-12-12,124.456391,283.793733,1.004973
2025-12-15,124.871404,287.104909,0.994243
2025-12-16,124.243591,292.668126,0.996459
2025-12-17,122.800370,289.879020,1.009789
2025-12-18,120.420803,290.789807,1.005728
2025-12-19,121.621568,279.943291,1.008877
2025-12-22,119.181453,279.412534,1.015182
2025-12-23,119.286216,282.580189,1.015381
2025-12-24,119.853575,280.059428,1.007899
2025-12-25,120.842198,278.360648,1.007069
2025-12-26,119.341416,281.565781,1.020998
2025-12-29,121.428549,279.018110,1.012138
2025-12-30,122.037109,284.781258,1.016614
2025-12-31,120.164266,279.220827,1.014453
2026-01-01,119.604918,278.613302,1.015682
2026-01-02,119.502080,278.405489,1.016598
2026-01-05,119.377642,262.522861,1.016398
2026-01-06,118.944332,263.549425,1.018765
2026-01-07,118.772975,271.153104,1.020482
2026-01-08,117.399223,266.917047,1.020429
2026-01-09,123.086371,263.012896,1.024940
2026-01-12,121.796758,262.220116,1.023584
2026-01-13,121.229547,259.646579,1.025429
2026-01-14,121.649704,250.867754,1.020970
2026-01-15,123.115426,247.324944,1.013192
2026-01-16,123.209087,257.325988,1.014885
2026-01-19,124.375895,256.401213,1.025374
2026-01-20,126.168310,254.733735,1.019380
2026-01-21,126.889390,254.508579,1.025168
2026-01-22,126.243676,243.076413,1.022768
2026-01-23,127.868037,235.819209,1.013893
2026-01-26,125.864868,237.116330,1.012184
2026-01-27,126.025790,237.015899,1.007678
2026-01-28,125.031256,226.049710,1.010741
2026-01-29,124.481826,234.693776,1.008873
2026-01-30,124.203439,237.317037,1.012834
2026-02-02,123.093695,232.996519,1.005473
2026-02-03,120.449267,221.391411,0.999126
2026-02-04,119.873552,227.626741,0.995887
2026-02-05,116.720765,225.826531,0.991114
2026-02-06,116.431438,224.836760,0.996264
2026-02-09,117.234887,226.461826,0.995201
2026-02-10,121.319095,222.850633,0.991285
2026-02-11,122.995868,231.065962,0.993885
2026-02-12,126.202185,225.988161,0.998474
2026-02-13,124.543352,227.302091,0.992670
2026-02-16,122.840875,231.015461,0.984613
2026-02-17,122.372252,227.357108,0.983480
2026-02-18,120.154906,223.740958,0.979991
2026-02-19,118.292384,221.359513,0.971782
2026-02-20,117.509490,224.149394,0.966923
2026-02-23,116.872831,219.168640,0.957314
2026-02-24,114.549870,217.531783,0.961691
2026-02-25,115.573451,212.541623,0.954619
2026-02-26,115.922651,204.725889,0.949029
2026-02-27,114.481153,208.598370,0.948657
2026-03-02,112.220152,200.292735,0.953571
2026-03-03,111.563866,196.848449,0.962585
2026-03-04,112.606027,195.557174,0.971508
2026-03-05,112.669638,203.879937,0.973541
2026-03-06,109.153456,204.189345,0.970503
2026-03-09,108.387683,201.211187,0.956934
2026-03-10,107.424134,194.676733,0.945427
2026-03-11,109.848448,196.372197,0.947021
2026-03-12,107.790246,197.797411,0.945594
2026-03-13,105.549831,195.813579,0.944124
2026-03-16,104.658270,188.934888,0.941990
2026-03-17,107.491050,188.046578,0.939271
2026-03-18,108.736719,192.586648,0.940531
2026-03-19,109.222768,197.756571,0.937333
2026-03-20,108.453311,205.850133,0.942738
2026-03-23,108.869481,202.651061,0.948578
2026-03-24,109.473750,197.220864,0.940269
2026-03-25,109.679806,198.159321,0.943939
2026-03-26,111.550402,205.685381,0.939940
2026-03-27,112.779016,207.680171,0.940146
2026-03-30,113.395969,206.729653,0.937268
2026-03-31,116.050604,214.054933,0.941981
2026-04-01,118.809847,215.300138,0.942368
2026-04-02,120.623356,211.485074,0.934617
2026-04-03,117.596680,210.836344,0.937429
2026-04-06,119.095657,215.251522,0.942261
2026-04-07,118.297342,218.674903,0.935108
2026-04-08,119.028164,211.639190,0.923064
2026-04-09,115.760019,211.985190,0.928234
2026-04-10,113.919737,211.177659,0.931689
2026-04-13,114.430547,210.487563,0.930072
2026-04-14,113.243436,210.001633,0.931517
2026-04-15,115.311054,209.002886,0.935837
2026-04-16,113.121717,203.520329,0.936835
2026-04-17,111.430938,206.905747,0.937611
2026-04-20,113.017824,213.502873,0.939260
2026-04-21,109.888718,207.815001,0.932408
2026-04-22,108.942186,205.746085,0.946045
2026-04-23,108.661070,202.371627,0.948823
2026-04-24,110.157617,196.134833,0.947322
2026-04-27,112.556348,199.342012,0.945558
2026-04-28,114.087687,209.701952,0.944173
2026-04-29,112.342169,207.545407,0.934973
2026-04-30,111.295827,210.857007,0.935920
2026-05-01,110.907923,211.239347,0.937893
2026-05-04,111.809732,208.743012,0.937348
2026-05-05,111.280964,209.205306,0.933707
2026-05-06,108.733548,202.996483,0.930113
2026-05-07,109.516266,204.128495,0.931936
2026-05-08,110.130954,209.844255,0.927384
2026-05-11,108.252507,200.400610,0.930540
2026-05-12,108.868904,202.592897,0.928974
2026-05-13,108.990783,202.049837,0.924180
2026-05-14,110.814403,206.575912,0.914755
2026-05-15,112.294316,206.126454,0.916396
2026-05-18,112.420070,202.377297,0.910247
2026-05-19,112.307018,197.289745,0.911474
2026-05-20,111.296129,192.744274,0.905071
2026-05-21,112.142680,193.055363,0.908452
2026-05-22,111.274171,191.134854,0.912002
2026-05-25,111.757795,184.138337,0.912260
2026-05-26,109.694389,187.692052,0.912259
2026-05-27,112.696848,184.741834,0.912833
2026-05-28,112.988310,190.362726,0.926780
2026-05-29,111.739083,187.279912,0.929777
2026-06-01,111.778933,191.815776,0.915768
2026-06-02,110.233181,194.966030,0.917566
2026-06-03,109.744344,202.055887,0.925216
2026-06-04,111.487168,208.579379,0.927379
2026-06-05,110.941596,215.114819,0.933745
2026-06-08,112.063720,214.747455,0.942261
2026-06-09,111.473453,219.286158,0.942968
2026-06-10,112.480498,219.720712,0.950210
2026-06-11,114.604605,219.947668,0.946613
2026-06-12,118.764528,221.976691,0.958812
2026-06-15,118.976129,213.568746,0.959422
2026-06-16,117.005822,212.624653,0.962254
2026-06-17,120.279202,212.927747,0.964225
2026-06-18,118.728029,216.763093,0.966864
2026-06-19,118.459608,217.051115,0.960294
2026-06-22,120.927212,219.244462,0.957752
2026-06-23,122.184868,214.285888,0.947760
2026-06-24,122.190945,211.438064,0.954260
2026-06-25,121.920685,217.168299,0.950458
2026-06-26,120.020143,221.243624,0.954224
2026-06-29,120.331339,222.434829,0.958959
2026-06-30,119.348658,222.240941,0.956352
2026-07-01,120.273455,221.138586,0.956116
2026-07-02,119.535139,224.509788,0.957908
2026-07-03,117.829073,225.755069,0.952095
2026-07-06,115.712110,218.704992,0.955260
2026-07-07,116.601575,223.131714,0.959457
2026-07-08,117.343866,224.529698,0.956433
2026-07-09,116.144301,223.182796,0.949012
2026-07-10,117.982785,217.337443,0.938906
2026-07-13,114.142606,217.871405,0.925920
2026-07-14,111.455058,221.712080,0.935149
2026-07-15,112.839504,226.472010,0.930108
2026-07-16,112.595342,231.159701,0.939006
2026-07-17,111.961563,219.792160,0.941418
2026-07-20,111.910339,222.020512,0.945243
2026-07-21,111.647665,220.163758,0.946086
2026-07-22,110.524289,219.694483,0.959297
2026-07-23,112.102818,222.879040,0.965167
2026-07-24,113.118505,223.251629,0.970700
2026-07-27,112.821465,231.849395,0.978109
2026-07-28,111.668779,231.948364,0.969368
2026-07-29,110.568020,232.384212,0.973659
2026-07-30,112.679490,231.330628,0.978391
2026-07-31,112.026428,224.499264,0.974535
